iphone plan globe requirements,https://www.globe.com.ph/postpaid/requirements,30
iphone 6 plan globe cash out,http://www.globe.com.ph/postpaid/iphone-6/offers,40
iphone 6 plan globe price,http://www.globe.com.ph/postpaid/iphone-6/offers,30
how to use iphone 6 camera,http://www.globe.com.ph/help/iphone,10
how to use iphone 6 without sim card,http://www.globe.com.ph/help/iphone,10
how to use iphone 6 plus,http://www.globe.com.ph/help/iphone,40
how to use iphone 6 health app,http://www.globe.com.ph/help/iphone,10
how to insert sim in iphone 6,http://www.globe.com.ph/help/iphone,110
how to use iphone 5,http://www.globe.com.ph/help/iphone,40
how to use iphone 6 plus camera,http://www.globe.com.ph/help/iphone,10
how to use iphone 6 for the first time,http://www.globe.com.ph/help/iphone,10
globe iphone 6 plan matrix,http://www.globe.com.ph/postpaid/iphone-6/offers,0
globe iphone 6 plan 2015,http://www.globe.com.ph/postpaid/iphone-6/offers,20
help with iphone review,http://www.globe.com.ph/help/iphone,0
help with iphone 4 please,http://www.globe.com.ph/help/iphone,0
help with iphone forum,http://www.globe.com.ph/help/iphone,0
help with ipad,https://www.globe.com.ph/help/postpaid/new-ipad,10
apple iphone settings,http://www.globe.com.ph/help/iphone,10
iphone 4 settings,http://www.globe.com.ph/help/iphone,30
iphone 4s getting started,http://www.globe.com.ph/help/iphone,10
ipad help manual,https://www.globe.com.ph/help/postpaid/new-ipad,10
ipad help app,https://www.globe.com.ph/help/postpaid/new-ipad,10
ipad user guide,https://www.globe.com.ph/help/postpaid/new-ipad,50
ipad troubleshooting,https://www.globe.com.ph/help/postpaid/new-ipad,30
ipad help photos,https://www.globe.com.ph/help/postpaid/new-ipad,0
ipad help desk,https://www.globe.com.ph/help/postpaid/new-ipad,10
skype for ipad help,https://www.globe.com.ph/help/postpaid/new-ipad,10
ipad how to close apps,https://www.globe.com.ph/help/postpaid/new-ipad,10
ipad how to delete apps,https://www.globe.com.ph/help/postpaid/new-ipad,10
ipad how to copy and paste,https://www.globe.com.ph/help/postpaid/new-ipad,10
ipad how to move icons,https://www.globe.com.ph/help/postpaid/new-ipad,0
pinterest ipad how to pin,https://www.globe.com.ph/help/postpaid/new-ipad,0
ipad how to delete photos,https://www.globe.com.ph/help/postpaid/new-ipad,10
apple ipad how to use,https://www.globe.com.ph/help/postpaid/new-ipad,10
ipad how to use,https://www.globe.com.ph/help/postpaid/new-ipad,10
digital av adapter ipad how to use,https://www.globe.com.ph/help/postpaid/new-ipad,0
how to use my ipad,https://www.globe.com.ph/help/postpaid/new-ipad,10
how to use the ipad 3,https://www.globe.com.ph/help/postpaid/new-ipad,0
change your background ipad,https://www.globe.com.ph/help/postpaid/new-ipad,0
ipad 4 manual pdf,https://www.globe.com.ph/help/postpaid/new-ipad,10
ipad tutorial,https://www.globe.com.ph/help/postpaid/new-ipad,10
ipad 2 tutorial for beginners,https://www.globe.com.ph/help/postpaid/new-ipad,10
how do you use your ipad,http://www.globe.com.ph/help/guide,10
how to use iphone 6 for beginners,http://www.globe.com.ph/help/guide,10
how to use iphone 6 plus features,http://www.globe.com.ph/help/guide,10
how to use iphone 6 plus split screen,http://www.globe.com.ph/help/guide,10
ipad user guide download,http://www.globe.com.ph/help/guide,10
ipad user guide for seniors,http://www.globe.com.ph/help/guide,10
ipad air user guide,http://www.globe.com.ph/help/guide,10
ipad user guide video,http://www.globe.com.ph/help/guide,10
ipad 3 user guide,http://www.globe.com.ph/help/guide,10
ipad user guide in ibooks,http://www.globe.com.ph/help/guide,10
ipad user guide app,http://www.globe.com.ph/help/guide,10
samsung galaxy s6 price,http://shop.globe.com.ph/products/samsung-galaxy-s6,5400
samsung galaxy s6 edge price,http://shop.globe.com.ph/products/samsung-galaxy-s6-edge,1600
samsung galaxy s6 active,http://shop.globe.com.ph/products/samsung-galaxy-s6,320
samsung galaxy s6 features,http://shop.globe.com.ph/products/samsung-galaxy-s6,210
samsung galaxy s6 specification,http://shop.globe.com.ph/products/samsung-galaxy-s6,590
samsung galaxy phones list with price,http://shop.globe.com.ph/products/samsung-galaxy-s6,70
all samsung galaxy phones with price,http://shop.globe.com.ph/products/samsung-galaxy-s6,40
samsung galaxy phones list,http://shop.globe.com.ph/products/samsung-galaxy-s6,90
samsung galaxy phones below 10000,http://shop.globe.com.ph/products/samsung-galaxy-s6,10
samsung galaxy phones price,http://shop.globe.com.ph/products/samsung-galaxy-s6,260
samsung galaxy phones with front camera,http://shop.globe.com.ph/products/samsung-galaxy-s6,20
samsung galaxy phones below 15000,http://shop.globe.com.ph/products/samsung-galaxy-s6,10
samsung galaxy phones comparison,http://shop.globe.com.ph/products/samsung-galaxy-s6,10
samsung plans android,http://shop.globe.com.ph/products/samsung-galaxy-s6,0
samsung mobile cell phones prices,http://shop.globe.com.ph/products/samsung-galaxy-s6,10
how to use samsung galaxy ace,http://shop.globe.com.ph/view-all-brands/samsung,10
how to use samsung galaxy w,http://shop.globe.com.ph/view-all-brands/samsung,10
how to use samsung galaxy nexus,http://shop.globe.com.ph/view-all-brands/samsung,10
how to use samsung galaxy tab 7.0 plus,http://shop.globe.com.ph/products/samsung-galaxy-j1-and-tab-3-v-bundle,10
how to use samsung galaxy note s pen,http://shop.globe.com.ph/view-all-brands/samsung,10
how to use samsung galaxy mini,http://shop.globe.com.ph/view-all-brands/samsung,10
how to use samsung galaxy s plus,http://shop.globe.com.ph/view-all-brands/samsung,10
how to use samsung galaxy q,http://shop.globe.com.ph/view-all-brands/samsung,0
samsung galaxy tab help,http://shop.globe.com.ph/products/samsung-galaxy-tab-3-v,10
samsung galaxy help forum,http://shop.globe.com.ph/products/samsung-galaxy-tab-3-v,0
samsung galaxy tab forum,http://shop.globe.com.ph/products/samsung-galaxy-tab-3-v,10
samsung galaxy tab assistance,http://shop.globe.com.ph/products/samsung-galaxy-tab-3-v,0
news samsung mobile,http://shop.globe.com.ph/view-all-brands/samsung,10
my samsung galaxy s wont turn on,http://shop.globe.com.ph/view-all-brands/samsung,10
samsung s5 review,http://shop.globe.com.ph/view-all-brands/samsung,720
samsung s5 features,http://shop.globe.com.ph/view-all-brands/samsung,480
samsung s5 specs,http://shop.globe.com.ph/view-all-brands/samsung,3600
samsung s5 case,http://shop.globe.com.ph/view-all-brands/samsung,260
samsung s6 review,http://shop.globe.com.ph/products/samsung-galaxy-s6,590
samsung s6 specification,http://shop.globe.com.ph/products/samsung-galaxy-s6,140
samsung s6 edge price,http://shop.globe.com.ph/products/samsung-galaxy-s6-edge,1300
samsung s5 price,http://shop.globe.com.ph/view-all-brands/samsung,4400
samsung s4 price,http://shop.globe.com.ph/view-all-brands/samsung,4400
samsung a7 price,http://shop.globe.com.ph/view-all-brands/samsung,1300
samsung s6 price in philippines,http://shop.globe.com.ph/products/samsung-galaxy-s6,720
samsung s6 edge manual,http://shop.globe.com.ph/products/samsung-galaxy-s6-edge,20
samsung s6 mini,http://shop.globe.com.ph/products/samsung-galaxy-s6,170
samsung android phones list,http://shop.globe.com.ph/view-all-brands/samsung,70
samsung phones list,http://shop.globe.com.ph/view-all-brands/samsung,210
samsung galaxy phones list with price,http://shop.globe.com.ph/view-all-brands/samsung,70
samsung galaxy tab price,http://shop.globe.com.ph/products/samsung-galaxy-tab-3-v,390
samsung galaxy tab 10.1 review,http://shop.globe.com.ph/products/samsung-galaxy-tab-3-v,30
samsung galaxy tab 2 price,http://shop.globe.com.ph/products/samsung-galaxy-tab-3-v,480
samsung galaxy tab help guide,http://shop.globe.com.ph/products/samsung-galaxy-tab-3-v,10
samsung galaxy tab forum,http://shop.globe.com.ph/products/samsung-galaxy-tab-3-v,10
samsung galaxy tab assistance,http://shop.globe.com.ph/products/samsung-galaxy-tab-3-v,0
galaxy tab how to uninstall apps,http://shop.globe.com.ph/products/samsung-galaxy-tab-3-v,0
galaxy tab how to download apps,http://shop.globe.com.ph/products/samsung-galaxy-tab-3-v,10
galaxy tab how to factory reset,http://shop.globe.com.ph/products/samsung-galaxy-tab-3-v,0
galaxy tab how to close apps,http://shop.globe.com.ph/products/samsung-galaxy-tab-3-v,0
galaxy tab how to reset,http://shop.globe.com.ph/products/samsung-galaxy-tab-3-v,0
galaxy tab how to open battery,http://shop.globe.com.ph/products/samsung-galaxy-tab-3-v,0
galaxy tab how to update,http://shop.globe.com.ph/products/samsung-galaxy-tab-3-v,0
galaxy tab how to open back cover,http://shop.globe.com.ph/products/samsung-galaxy-tab-3-v,0
cloudfone mobile manufacturer,http://shop.globe.com.ph/view-all-brands/cloudfone,10
cloudfone mobile history,http://shop.globe.com.ph/view-all-brands/cloudfone,10
cloudfone mobile price list,http://shop.globe.com.ph/view-all-brands/cloudfone,90
cloudfone mobile phone,http://shop.globe.com.ph/view-all-brands/cloudfone,10
cloudfone mobile website,http://shop.globe.com.ph/view-all-brands/cloudfone,20
globe cloudfone bundle,http://shop.globe.com.ph/view-all-brands/cloudfone,10
globe plan cloudfone and tablet,http://shop.globe.com.ph/view-all-brands/cloudfone,10
cloudfone service center,http://shop.globe.com.ph/view-all-brands/cloudfone,480
cloudfone price,http://shop.globe.com.ph/view-all-brands/cloudfone,1000
cloudfone thrill specs,http://shop.globe.com.ph/view-all-brands/cloudfone,40
cloudfone review,http://shop.globe.com.ph/view-all-brands/cloudfone,210
cloudfone thrill review,http://shop.globe.com.ph/view-all-brands/cloudfone,20
cloudpad tablet pc,http://shop.globe.com.ph/view-all-brands/cloudfone,10
cloudpad tablet price list,http://shop.globe.com.ph/view-all-brands/cloudfone,10
cloudpad tablet firmware,http://shop.globe.com.ph/view-all-brands/cloudfone,0
cloudpad tablet specs,http://shop.globe.com.ph/view-all-brands/cloudfone,10
cloudpad tablet price,http://shop.globe.com.ph/view-all-brands/cloudfone,10
cloud pad tablet,http://shop.globe.com.ph/view-all-brands/cloudfone,50
cloud pad tablet hard reset,http://shop.globe.com.ph/view-all-brands/cloudfone,0
cloudpad tablet 7 inch,http://shop.globe.com.ph/view-all-brands/cloudfone,10
huawei smartphones with price,http://shop.globe.com.ph/view-all-brands/huawei,30
huawei smartphones under 10000,http://shop.globe.com.ph/view-all-brands/huawei,10
huawei smartphones under 15000,http://shop.globe.com.ph/view-all-brands/huawei,10
huawei smartphones review,http://shop.globe.com.ph/view-all-brands/huawei,10
huawei smartphones specs,http://shop.globe.com.ph/view-all-brands/huawei,10
huawei smartphones list,http://shop.globe.com.ph/view-all-brands/huawei,10
huawei phone price,http://shop.globe.com.ph/view-all-brands/huawei,390
huawei phone review,http://shop.globe.com.ph/view-all-brands/huawei,20
huawei phone models,http://shop.globe.com.ph/view-all-brands/huawei,40
huawei phone price list,http://shop.globe.com.ph/view-all-brands/huawei,260
huawei phone specs,http://shop.globe.com.ph/view-all-brands/huawei,10
huawei phones price list,http://shop.globe.com.ph/view-all-brands/huawei,880
huawei phones review,http://shop.globe.com.ph/view-all-brands/huawei,170
huawei phones specs and price,http://shop.globe.com.ph/view-all-brands/huawei,50
huawei phones under 10000,http://shop.globe.com.ph/view-all-brands/huawei,10
huawei phones website,http://shop.globe.com.ph/view-all-brands/huawei,50
huawei phones ph,http://shop.globe.com.ph/view-all-brands/huawei,50
huawei phones 2015,http://shop.globe.com.ph/view-all-brands/huawei,70
huawei globe plan,http://shop.globe.com.ph/view-all-brands/huawei,70
huawei globe wifi,http://shop.globe.com.ph/products/tattoo-mobile-wifi,10
huawei globe ip address,https://community.globe.com.ph/thread/60117,10
huawei globe pocket wifi change password,https://community.globe.com.ph/thread/60117,0
lenovo phones price list,http://shop.globe.com.ph/view-all-brands/lenovo,1900
lenovo phones under 10000,http://shop.globe.com.ph/view-all-brands/lenovo,10
lenovo phones philippines prices,http://shop.globe.com.ph/view-all-brands/lenovo,170
lenovo phones android,http://shop.globe.com.ph/view-all-brands/lenovo,140
lenovo phones price,http://shop.globe.com.ph/view-all-brands/lenovo,1900
lenovo mobile phones,http://shop.globe.com.ph/view-all-brands/lenovo,590
lenovo philippines price list,http://shop.globe.com.ph/view-all-brands/lenovo,260
lenovo philippines service center,http://shop.globe.com.ph/view-all-brands/lenovo,210
lenovo store philippines,http://shop.globe.com.ph/view-all-brands/lenovo,210
lenovo philippines distributor,http://shop.globe.com.ph/view-all-brands/lenovo,20
lenovo price philippines,http://shop.globe.com.ph/view-all-brands/lenovo,720
lenovo phones philippines,http://shop.globe.com.ph/view-all-brands/lenovo,1300
lenovo user guide,http://shop.globe.com.ph/view-all-brands/lenovo,10
lenovo help center download,http://shop.globe.com.ph/view-all-brands/lenovo,10
lenovo help desk,http://shop.globe.com.ph/view-all-brands/lenovo,10
lenovo helpline,http://shop.globe.com.ph/view-all-brands/lenovo,10
lenovo user manual,http://shop.globe.com.ph/view-all-brands/lenovo,10
lenovo service manual,http://shop.globe.com.ph/view-all-brands/lenovo,10
manual lenovo g40,http://shop.globe.com.ph/view-all-brands/lenovo,10
manual lenovo a369i,http://shop.globe.com.ph/view-all-brands/lenovo,10
globe plans lenovo bundle,http://shop.globe.com.ph/view-all-brands/lenovo,40
globe plans lenovo k900,http://shop.globe.com.ph/view-all-brands/lenovo,10
globe plans lenovo a5000,http://shop.globe.com.ph/products/lenovo-a5000,20
globe plans lenovo a328,http://shop.globe.com.ph/view-all-brands/lenovo,10
globe plans lenovo s90,http://shop.globe.com.ph/view-all-brands/lenovo,20
globe plans lenovo a536,http://shop.globe.com.ph/view-all-brands/lenovo,30
globe plans lenovo 499,http://shop.globe.com.ph/view-all-brands/lenovo,0
lenovo globe plan 300,http://shop.globe.com.ph/view-all-brands/lenovo,50
lenovo tablet price philippines,http://shop.globe.com.ph/view-all-brands/lenovo,720
lenovo tablet price list,http://shop.globe.com.ph/products/lenovo-yoga-tablet-2,390
lenovo tablet review,http://shop.globe.com.ph/products/lenovo-yoga-tablet-2,90
lenovo calling tablet price,http://shop.globe.com.ph/view-all-brands/lenovo,10
samsung tablet price,http://shop.globe.com.ph/view-all-brands/samsung,2400
lenovo tablet price and features,http://shop.globe.com.ph/view-all-brands/lenovo,20
lenovo tablet price in uae,http://shop.globe.com.ph/view-all-brands/lenovo,10
lenovo how to reset password,http://shop.globe.com.ph/view-all-brands/lenovo,0
lenovo how to start recovery,http://shop.globe.com.ph/view-all-brands/lenovo,0
lenovo how to unlock keyboard,http://shop.globe.com.ph/view-all-brands/lenovo,0
lenovo how to boot from dvd,http://shop.globe.com.ph/view-all-brands/lenovo,0
lenovo how to use recovery partition,http://shop.globe.com.ph/view-all-brands/lenovo,0
lenovo how to make recovery disk windows 8,http://shop.globe.com.ph/view-all-brands/lenovo,0
lenovo how to install windows 8,http://shop.globe.com.ph/view-all-brands/lenovo,0
lenovo how to download apps,http://shop.globe.com.ph/view-all-brands/lenovo,0
lg smartphones philippines,http://shop.globe.com.ph/view-all-brands/lg-mobile,320
lg smartphones price list philippines,http://shop.globe.com.ph/view-all-brands/lg-mobile,210
lg smartphones under 10000,http://shop.globe.com.ph/view-all-brands/lg-mobile,10
lg smartphones price list,http://shop.globe.com.ph/view-all-brands/lg-mobile,260
lg smartphones under 15000,http://shop.globe.com.ph/view-all-brands/lg-mobile,10
lg smartphones android,http://shop.globe.com.ph/view-all-brands/lg-mobile,10
lg smartphones philippines price,http://shop.globe.com.ph/view-all-brands/lg-mobile,20
lg phones price list,http://shop.globe.com.ph/view-all-brands/lg-mobile,1900
lg phones with price,http://shop.globe.com.ph/view-all-brands/lg-mobile,90
lg phones philippines price list,http://shop.globe.com.ph/view-all-brands/lg-mobile,50
lg smart phones,http://shop.globe.com.ph/view-all-brands/lg-mobile,90
lg phones list,http://shop.globe.com.ph/view-all-brands/lg-mobile,40
lg smartphones specs,http://shop.globe.com.ph/view-all-brands/lg-mobile,10
lg smartphones latest,http://shop.globe.com.ph/view-all-brands/lg-mobile,10
lg smartphones 2015,http://shop.globe.com.ph/view-all-brands/lg-mobile,20
lg tablet price,http://shop.globe.com.ph/view-all-brands/lg-mobile,210
lg tablet 2015,http://shop.globe.com.ph/view-all-brands/lg-mobile,10
lg tablet android,http://shop.globe.com.ph/view-all-brands/lg-mobile,10
lg tablet review,http://shop.globe.com.ph/view-all-brands/lg-mobile,10
lg tablet pc,http://shop.globe.com.ph/view-all-brands/lg-mobile,10
lg android tablet,http://shop.globe.com.ph/view-all-brands/lg-mobile,10
lg optimus tablet review,http://shop.globe.com.ph/view-all-brands/lg-mobile,10
lg optimus 3d tablet review,http://shop.globe.com.ph/view-all-brands/lg-mobile,10
lg ux10 tablet,http://shop.globe.com.ph/view-all-brands/lg-mobile,0
lg optimus pad reviews,http://shop.globe.com.ph/view-all-brands/lg-mobile,10
lg optimus tab review,http://shop.globe.com.ph/view-all-brands/lg-mobile,10
lg tablet specs,http://shop.globe.com.ph/view-all-brands/lg-mobile,30
lg tablet rogers,http://shop.globe.com.ph/view-all-brands/lg-mobile,10
lg tablet price list,http://shop.globe.com.ph/view-all-brands/lg-mobile,30
lg plans android,http://shop.globe.com.ph/view-all-brands/lg-mobile,0
lg phone plans,http://shop.globe.com.ph/view-all-brands/lg-mobile,10
lg mobile market share,http://shop.globe.com.ph/view-all-brands/lg-mobile,10
lg g3 plans,http://shop.globe.com.ph/view-all-brands/lg-mobile,10
lg plan smart,http://shop.globe.com.ph/view-all-brands/lg-mobile,0
lg plan globe,http://shop.globe.com.ph/view-all-brands/lg-mobile,30
globe plans lg g3,http://shop.globe.com.ph/view-all-brands/lg-mobile,40
globe plans lg g3 beat,http://shop.globe.com.ph/view-all-brands/lg-mobile,0
globe plans lg g3 stylus,http://shop.globe.com.ph/view-all-brands/lg-mobile,0
globe plans lg phones,http://shop.globe.com.ph/view-all-brands/lg-mobile,10
lg globe plan 499,http://shop.globe.com.ph/view-all-brands/lg-mobile,10
lg globe plan 999,http://shop.globe.com.ph/view-all-brands/lg-mobile,10
globe plan lg g4,http://shop.globe.com.ph/products/lg-g4,30
lg g3 globe plan 2015,http://shop.globe.com.ph/view-all-brands/lg-mobile,20
acer phones price list,http://shop.globe.com.ph/view-all-brands/acer,590
acer phones for sale,http://shop.globe.com.ph/view-all-brands/acer,10
acer phones octa core,http://shop.globe.com.ph/view-all-brands/acer,10
acer mobile phones,http://shop.globe.com.ph/view-all-brands/acer,480
acer phones price,http://shop.globe.com.ph/view-all-brands/acer,90
acer phones under 10000,http://shop.globe.com.ph/view-all-brands/acer,10
acer phones ph,http://shop.globe.com.ph/view-all-brands/acer,50
acer phones review,http://shop.globe.com.ph/view-all-brands/acer,30
acer phones latest,http://shop.globe.com.ph/view-all-brands/acer,10
acer phones 2015,http://shop.globe.com.ph/view-all-brands/acer,140
acer phones 2014,http://shop.globe.com.ph/view-all-brands/acer,90
acer tab price list,http://shop.globe.com.ph/view-all-brands/acer,20
acer tab price,http://shop.globe.com.ph/view-all-brands/acer,40
acer tab a200,http://shop.globe.com.ph/view-all-brands/acer,10
acer iconia tab a500,http://shop.globe.com.ph/view-all-brands/acer,50
acer iconia tab 8,http://shop.globe.com.ph/products/acer-iconia-tab-8?xpath=3_59,880
acer tab 7,http://shop.globe.com.ph/view-all-brands/acer,70
acer tab with sim,http://shop.globe.com.ph/view-all-brands/acer,20
acer tablet price philippines,http://shop.globe.com.ph/view-all-brands/acer,210
acer tablet price list,http://shop.globe.com.ph/view-all-brands/acer,140
acer tablet specs,http://shop.globe.com.ph/view-all-brands/acer,260
acer tablet price,http://shop.globe.com.ph/view-all-brands/acer,1600
acer tablet review,http://shop.globe.com.ph/view-all-brands/acer,50
acer tablet 10 inch,http://shop.globe.com.ph/view-all-brands/acer,10
acer tablet 7 inch,http://shop.globe.com.ph/view-all-brands/acer,30
acer tablet with keyboard,http://shop.globe.com.ph/view-all-brands/acer,50
acer tablet products,http://shop.globe.com.ph/view-all-brands/acer,10
newest acer tablet,http://shop.globe.com.ph/view-all-brands/acer,10
acer iconia series,http://shop.globe.com.ph/products/acer-iconia-tab-8?xpath=3_59,10
acer iconia a700,http://shop.globe.com.ph/view-all-brands/acer,10
acer iconia tab a700 release date,http://shop.globe.com.ph/view-all-brands/acer,10
alcatel phone price,http://shop.globe.com.ph/view-all-brands/alcatel,390
alcatel android phone,http://shop.globe.com.ph/view-all-brands/alcatel,70
alcatel phone manual,http://shop.globe.com.ph/view-all-brands/alcatel,10
alcatel phone reviews,http://shop.globe.com.ph/view-all-brands/alcatel,10
alcatel phone wiki,http://shop.globe.com.ph/view-all-brands/alcatel,0
alcatel phone 2015,http://shop.globe.com.ph/view-all-brands/alcatel,10
alcatel phone review,http://shop.globe.com.ph/view-all-brands/alcatel,10
alcatel phone price and specs,http://shop.globe.com.ph/view-all-brands/alcatel,10
alcatel phone list and price,http://shop.globe.com.ph/view-all-brands/alcatel,10
alcatel phone wont turn on,http://shop.globe.com.ph/view-all-brands/alcatel,10
latest alcatel phones,http://shop.globe.com.ph/view-all-brands/alcatel,40
alcatel mobile phone reviews,http://shop.globe.com.ph/view-all-brands/alcatel,10
alcatel phone camera,http://shop.globe.com.ph/view-all-brands/alcatel,10
alcatel handsets,http://shop.globe.com.ph/view-all-brands/alcatel,10
weight alcatel mobile,http://shop.globe.com.ph/view-all-brands/alcatel,0
alcatel mobile phones,http://shop.globe.com.ph/view-all-brands/alcatel,260
alcatel phones 2012,http://shop.globe.com.ph/view-all-brands/alcatel,10
alcatel ot 991,http://shop.globe.com.ph/view-all-brands/alcatel,10
alcatel tablet price,http://shop.globe.com.ph/view-all-brands/alcatel,210
alcatel tablet price list,http://shop.globe.com.ph/view-all-brands/alcatel,30
alcatel tablet with sim card slot,http://shop.globe.com.ph/view-all-brands/alcatel,20
alcatel tablet price philippines,http://shop.globe.com.ph/view-all-brands/alcatel,50
alcatel tablet review,http://shop.globe.com.ph/view-all-brands/alcatel,10
alcatel tablet price list 2013,http://shop.globe.com.ph/view-all-brands/alcatel,10
alcatel one touch tab t10,http://shop.globe.com.ph/view-all-brands/alcatel,20
alcatel tablet price list 2015,http://shop.globe.com.ph/view-all-brands/alcatel,0
alcatel tablet price 2015,http://shop.globe.com.ph/view-all-brands/alcatel,0
alcatel tablet specs,http://shop.globe.com.ph/view-all-brands/alcatel,10
alcatel tablet hard reset,http://shop.globe.com.ph/view-all-brands/alcatel,10
myphone cellphone,http://shop.globe.com.ph/view-all-brands/myphone,590
myphone company,http://shop.globe.com.ph/view-all-brands/myphone,110
myphone infinity 2,http://shop.globe.com.ph/view-all-brands/myphone,1300
myphone mypad 2,http://shop.globe.com.ph/view-all-brands/myphone,320
myphone mypad 4,http://shop.globe.com.ph/view-all-brands/myphone,390
myphone phone list 2015,http://shop.globe.com.ph/view-all-brands/myphone,40
myphone phones 2015,http://shop.globe.com.ph/view-all-brands/myphone,140
myphone phones list,http://shop.globe.com.ph/view-all-brands/myphone,30
myphone phones specs and prices,http://shop.globe.com.ph/view-all-brands/myphone,0
myphone phones with tv,http://shop.globe.com.ph/view-all-brands/myphone,20
myphone price list,http://shop.globe.com.ph/view-all-brands/myphone,6600
myphone pricelist,http://shop.globe.com.ph/view-all-brands/myphone,720
myphone rio,http://shop.globe.com.ph/products/myphone-rio-2-fun,27100
myphone rio lite,http://shop.globe.com.ph/products/myphone-rio-2-fun,4400
myphone rio price,http://shop.globe.com.ph/products/myphone-rio-2-fun,1900
myphone rio specs,http://shop.globe.com.ph/products/myphone-rio-2-fun,6600
myphone smartphones 2014,http://shop.globe.com.ph/view-all-brands/myphone,40
myphone smartphones 2015,http://shop.globe.com.ph/view-all-brands/myphone,70
myphone smartphones list,http://shop.globe.com.ph/view-all-brands/myphone,30
myphone smartphones price,http://shop.globe.com.ph/view-all-brands/myphone,20
myphone smartphones price list,http://shop.globe.com.ph/view-all-brands/myphone,140
myphone smartphones price list 2014,http://shop.globe.com.ph/view-all-brands/myphone,20
myphone smartphones price list 2015,http://shop.globe.com.ph/view-all-brands/myphone,40
myphone smartphones review,http://shop.globe.com.ph/view-all-brands/myphone,10
myphone smartphones specs,http://shop.globe.com.ph/view-all-brands/myphone,0
myphone store,http://shop.globe.com.ph/view-all-brands/myphone,170
myphone tablet price list,http://shop.globe.com.ph/view-all-brands/myphone,390
myphone tablet review,http://shop.globe.com.ph/view-all-brands/myphone,40
myphone vortex price,http://shop.globe.com.ph/view-all-brands/myphone,140
myphone wiki,http://shop.globe.com.ph/view-all-brands/myphone,110
skyworth tablet service center,http://shop.globe.com.ph/view-all-brands/skyworth,50
skyworth tablet hard reset,http://shop.globe.com.ph/view-all-brands/skyworth,20
skyworth tablet price list,http://shop.globe.com.ph/view-all-brands/skyworth,10
skyworth tablet price,http://shop.globe.com.ph/view-all-brands/skyworth,40
skyworth tablet review,http://shop.globe.com.ph/view-all-brands/skyworth,20
skyworth tablet s8 hard reset,http://shop.globe.com.ph/view-all-brands/skyworth,0
skyworth s71 hard reset,http://shop.globe.com.ph/view-all-brands/skyworth,20
skyworth skypad s73 hard reset,http://shop.globe.com.ph/view-all-brands/skyworth,0
skyworth tablet specs,http://shop.globe.com.ph/view-all-brands/skyworth,10
skyworth tablet s71 firmware,http://shop.globe.com.ph/view-all-brands/skyworth,0
skyworth tablet 7 inch,http://shop.globe.com.ph/view-all-brands/skyworth,10
skyworth tablet repair center,http://shop.globe.com.ph/view-all-brands/skyworth,0
skyworth s8 8gb tablet,http://shop.globe.com.ph/view-all-brands/skyworth,0
skyworth s8 specs,http://shop.globe.com.ph/view-all-brands/skyworth,10
skyworth s8 firmware,http://shop.globe.com.ph/view-all-brands/skyworth,0
